Lc_um,kappa2
0.0,0.0
1.0025062656641603,0.0001354076004116373
2.0050125313283207,0.0005404986064873105
3.007518796992481,0.00121188709278167
4.010025062656641,0.0021439613045893193
5.012531328320802,0.0033289305634123896
6.015037593984962,0.004756890384813481
7.017543859649122,0.006415905264370867
8.020050125313283,0.008292108439775193
9.022556390977442,0.010369817795213055
10.025062656641603,0.012631666939258565
11.027568922305765,0.015058750360667325
12.030075187969924,0.017630781448798066
13.032581453634084,0.02032626205785908
14.035087719298245,0.023122662197688174
15.037593984962406,0.025996608349133338
16.040100250626566,0.02892407883001253
17.042606516290725,0.03188060457869998
18.045112781954884,0.034841473677102774
19.047619047619047,0.037781937903536754
20.050125313283207,0.0406774195890433
21.052631578947366,0.04350371704815308
22.05513784461153,0.04623720686701739
23.05764411027569,0.04885504135809569
24.06015037593985,0.05133533953098795
25.062656641604008,0.05365736998319533
26.065162907268167,0.05580172418212859
27.06766917293233,0.0577504786899994
28.07017543859649,0.05948734497564816
29.07268170426065,0.06099780556111671
30.075187969924812,0.062269235364994166
31.07769423558897,0.06329100722829559
32.08020050125313,0.06405458074084298
33.08270676691729,0.06455357362569923
34.08521303258145,0.06478381508499285
35.08771929824561,0.06474338066124663
36.09022556390977,0.06443260832282369
37.092731829573935,0.06385409563904199
38.095238095238095,0.0630126780685691
39.097744360902254,0.061915388542571816
40.100250626566414,0.06057139868044253
41.10275689223057,0.0589919421294462
42.10526315789473,0.057190220669048775
43.10776942355889,0.05518129386474713
44.11027568922306,0.05298195319372171
45.11278195488722,0.05061058169442397
46.11528822055138,0.04808700031320773
47.11779448621554,0.045432302232305925
48.1203007518797,0.042668676563910726
49.122807017543856,0.039819222883998105
50.125313283208015,0.036907758156103324
51.127819548872175,0.03395861765886146
52.130325814536334,0.030996451581246753
53.1328320802005,0.028046018985655338
54.13533834586466,0.02513198086097705
55.13784461152882,0.022278693995407838
56.14035087719298,0.019510007391902905
57.14285714285714,0.016849062927917886
58.1453634085213,0.014318101925610385
59.14786967418546,0.011938279249271086
60.150375939849624,0.009729486483838633
61.152882205513784,0.007710185672448554
62.15538847117794,0.005897255002709443
63.1578947368421,0.004305847731527194
64.16040100250626,0.0029492655276443405
65.16290726817043,0.0018388472905524703
66.16541353383458,0.000983874375076971
67.16791979949875,0.00039149301380796104
68.1704260651629,6.665458580445004e-05
69.17293233082707,1.2074230831345383e-05
70.17543859649122,0.00022820815504960527
71.17794486215539,0.0007132498178482633
72.18045112781954,0.0014631450316904533
73.1829573934837,0.002471625848762469
74.18546365914787,0.003730262951186433
75.18796992481202,0.005228536106896845
76.19047619047619,0.006953922102280228
77.19298245614034,0.008891999416598712
78.19548872180451,0.011026568763284197
79.19799498746866,0.013339788490566003
80.20050125313283,0.015812323709696194
81.203007518797,0.018423507904293483
82.20551378446115,0.021151515670005734
83.20802005012531,0.023973545140658515
84.21052631578947,0.026866008576092403
85.21303258145363,0.029804729518674775
86.21553884711778,0.03276514487056567
87.21804511278195,0.035722510202690176
88.22055137844612,0.038652106579354646
89.22305764411027,0.041529447169778876
90.22556390977444,0.04433048191959508
91.22807017543859,0.04703179857158077
92.23057644110276,0.049610818355408585
93.23308270676691,0.052045984710752106
94.23558897243107,0.054316943466320135
95.23809523809523,0.05640471296880387
96.2406015037594,0.058291842739727
97.24310776942356,0.05996255933407545
98.24561403508771,0.06140289818155771
99.24812030075188,0.06260082030850994
100.25062656641603,0.06354631296483312
101.2531328320802,0.06423147331487944
102.25563909774435,0.06465057449276297
103.25814536340852,0.06480011346997636
104.26065162907267,0.06467884033521466
105.26315789473684,0.06428776874167351
106.265664160401,0.06363016743449823
107.26817042606515,0.0627115329292013
108.27067669172932,0.06153954356941366
109.27318295739347,0.06012399534797515
110.27568922305764,0.058476720027798745
111.27819548872179,0.056611486246890365
112.28070175438596,0.054543884434130364
113.28320802005013,0.052291196497740965
114.28571428571428,0.04987225137563957
115.28822055137844,0.047307267655049653
116.2907268170426,0.04461768457682387
117.29323308270676,0.04182598283701647
118.29573934837092,0.038955496683524625
119.29824561403508,0.03603021887837426
120.30075187969925,0.03307460015586111
121.3032581453634,0.030113344852762007
122.30576441102757,0.027171204418826526
123.30827067669172,0.024272770533479045
124.31077694235589,0.02144226955794905
125.31328320802004,0.018703360040889683
126.3157894736842,0.016078934970017774
127.31829573934836,0.01359093042264333
128.32080200501252,0.011260142214468971
129.32330827067668,0.009106052079187611
130.32581453634086,0.00714666483174504
131.328320802005,0.005398357876326899
132.33082706766916,0.0038757443169464027
133.33333333333331,0.002591550814815026
134.3358395989975,0.0015565112134158302
135.33834586466165,0.0007792768204075291
136.3408521303258,0.0002663440962614942
137.34335839598998,2.2000354041675594e-05
138.34586466165413,4.828792419183331e-05
139.34837092731829,0.00034498708385626616
140.35087719298244,0.0009096178934183093
141.35338345864662,0.0017374609249058697
142.35588972431077,0.00282159670900701
143.35839598997492,0.004152963570980644
144.36090225563908,0.005720433372044521
145.36340852130326,0.007510904523161589
146.3659147869674,0.009509411493774857
147.36842105263156,0.011699249900170558
148.37092731829574,0.01406211612792578
149.3734335839599,0.016578260321416585
150.37593984962405,0.01922665146163461
151.3784461152882,0.021985153152519695
152.38095238095238,0.024830708646511213
153.38345864661653,0.02773953356279389
154.38596491228068,0.03068731468741742
155.38847117794487,0.03364941319363066
156.39097744360902,0.03660107058382817
157.39348370927317,0.03951761563175836
158.39598997493732,0.04237467059527889
159.3984962406015,0.04514835497604583
160.40100250626566,0.04781548512302425
161.4035087719298,0.05035376801144872
162.406015037594,0.05274198757754478
163.40852130325814,0.0549601820515453
164.4110275689223,0.056989810806777355
165.41353383458645,0.058813909330220716
166.41604010025063,0.06041723101922879
167.41854636591478,0.06178637461921309
168.42105263157893,0.06290989623711264
169.4235588972431,0.06377840499439053
170.42606516290726,0.0643846415200494
171.42857142857142,0.06472353862758715
172.43107769423557,0.06479226366872828
173.43358395989975,0.06459024220992075
174.4360902255639,0.0641191628336994
175.43859649122805,0.06338296302478445
176.44110275689223,0.062387796258885006
177.4436090225564,0.06114198056929355
178.44611528822054,0.05965592902117415
179.4486215538847,0.05794206267466972
180.45112781954887,0.05601470676432151
181.45363408521303,0.05388997096257649
182.45614035087718,0.0515856147281931
183.45864661654133,0.04912089886502046
184.4611528822055,0.046516424531888444
185.46365914786966,0.043793961049231445
186.46616541353382,0.040976263941713366
187.468671679198,0.03808688473773297
188.47117794486215,0.03514997411558549
189.4736842105263,0.03219008004167142
190.47619047619045,0.029231942587999285
191.47869674185463,0.026300287143987886
192.4812030075188,0.02341961775099101
193.48370927318294,0.020614012286944733
194.48621553884712,0.017906921213073565
195.48872180451127,0.015320971564815034
196.49122807017542,0.012877777825293061
197.49373433583958,0.010597761262139889
198.49624060150376,0.008499979237729043
199.4987468671679,0.006601965919516101
200.50125313283206,0.004919585721900056
201.50375939849624,0.00346690070460195
202.5062656641604,0.0022560530359009494
203.50877192982455,0.0012971635031520426
204.5112781954887,0.0005982469188775755
205.51378446115288,0.00016514512950562268
206.51629072681703,1.4781866963470585e-06
207.51879699248119,0.0001086140893880247
208.52130325814534,0.0004856573494715882
209.52380952380952,0.0011294564766666643
210.52631578947367,0.0020346303200373243
211.52882205513782,0.0031936130459739903
212.531328320802,0.004596717376695557
213.53383458646616,0.006232215560697756
214.5363408521303,0.008086437398361209
215.53884711779446,0.010143884503379514
216.54135338345864,0.012387359844959872
217.5438596491228,0.01479811148802799
218.54636591478695,0.017355989329994125
219.54887218045113,0.02003961352400571
220.55137844611528,0.022826553180934198
221.55388471177943,0.025693513856426178
222.55639097744358,0.028616532255922433
223.55889724310777,0.03157117653021457
224.56140350877192,0.03453275048738451
225.56390977443607,0.03747650001423455
226.56641604010025,0.04037781998184733
227.5689223057644,0.04321245990587217
228.57142857142856,0.04595672664253829
229.5739348370927,0.04858768242617563
230.5764411027569,0.05108333659295839
231.57894736842104,0.05342282938836379
232.5814536340852,0.0555866063220025
233.58395989974937,0.057556581612487556
234.58646616541353,0.05931628935620048
235.58897243107768,0.06085102115641934
236.59147869674183,0.06214794906244625
237.593984962406,0.0631962327911548
238.59649122807016,0.06398711033475471
239.59899749373432,0.06451397119743435
240.6015037593985,0.06477241164873722
241.60401002506265,0.06476027153184158
242.6065162907268,0.06447765231908355
243.60902255639095,0.06392691626380734
244.61152882205513,0.06311266665563248
245.6140350877193,0.062041709344172656
246.61654135338344,0.060722995852807375
247.6190476190476,0.0591675485579869
248.62155388471177,0.0573883685594527
249.62406015037593,0.05540032701143592
250.62656641604008,0.05322004082313177
251.62907268170426,0.050865733767402235
252.6315789473684,0.04835708415861775
253.63408521303256,0.045715060372813275
254.63659147869672,0.042961745584953075
255.6390977443609,0.040120153188224
256.64160401002505,0.037214034438164
257.64411027568923,0.03426767992941816
258.64661654135335,0.03130571656446681
259.64912280701753,0.02835290171134582
260.6516290726817,0.025433916270881846
261.65413533834584,0.022573158383071192
262.65664160401,0.019794539496896812
263.65914786967414,0.017121284508119415
264.6616541353383,0.014575737635575212
265.6641604010025,0.012179175658552914
266.66666666666663,0.009951630076290201
267.6691729323308,0.00791171967605824
268.671679197995,0.006076494909303312
269.6741854636591,0.004461295376615202
270.6766917293233,0.0030796216127255385
271.6791979949875,0.0019430222432127021
272.6817042606516,0.0010609974561054123
273.6842105263158,0.00044091959521091366
274.68671679197996,8.797153888459512e-05
275.6892230576441,5.103379295538768e-06
276.69172932330827,0.00019300776428324474
277.6942355889724,0.0006501141079080446
278.69674185463657,0.0013726017180862278
279.69924812030075,0.002354431731583195
280.7017543859649,0.0035873975894384438
281.70426065162906,0.0050611936309270834
282.70676691729324,0.006763501232719277
283.70927318295736,0.008680091773250234
284.71177944862154,0.010794945561679847
285.7142857142857,0.013090385737381657
286.71679197994985,0.015547226020772145
287.719298245614,0.018144931080516635
288.72180451127815,0.020861788176688472
289.72431077694233,0.023675088645221845
290.7268170426065,0.026561317706723674
291.72932330827064,0.02949635101314901
292.7318295739348,0.03245565628951263
293.734335839599,0.0354144983852297
294.7368421052631,0.03834814602117913
295.7393483709273,0.041232078504407514
296.7418546365915,0.044042190682662116
297.7443609022556,0.04675499442565618
298.7468671679198,0.049347814948998606
299.74937343358397,0.05179898033982647
300.7518796992481,0.054088002700005175
301.7543859649123,0.056195749392823874
302.7568922305764,0.05810460296182778
303.7593984962406,0.059798608385123964
304.76190476190476,0.06126360643433811
305.7644110275689,0.06248735202355663
306.76691729323306,0.06345961655903891
307.76942355889724,0.06417227343421765
308.77192982456137,0.06461936595538383
309.77443609022555,0.06479715713030329
310.77694235588973,0.06470416090361046
311.77944862155385,0.06434115457790048
312.78195488721803,0.06371117231669854
313.7844611528822,0.06281947978361195
314.78696741854634,0.061673530129641226
315.7894736842105,0.06028290169652742
316.79197994987464,0.05865921795683875
317.7944862155388,0.056816050359970324
318.796992481203,0.054768804896113715
319.79949874686713,0.05253459332634243
320.8020050125313,0.05013209015512793
321.8045112781955,0.04758137654077286
322.8070175438596,0.044903772448423696
323.8095238095238,0.04212165844860115
324.812030075188,0.0392582886507339
325.8145363408521,0.03633759633527698
326.8170426065163,0.0333839939090238
327.8195488721804,0.030422168855677497
328.8220551378446,0.02747687738720552
329.82456140350877,0.024572737520739053
330.8270676691729,0.021734023310560305
331.8295739348371,0.01898446195508169
332.83208020050125,0.0163470354746825
333.8345864661654,0.013843788618064469
334.83709273182956,0.011495644602728379
335.83959899749374,0.009322230229693428
336.84210526315786,0.007341711834224051
337.84461152882204,0.005570643443759919
338.8471177944862,0.004023828412211137
339.84962406015035,0.0027141956871378917
340.8521303258145,0.0016526917440265751
341.85463659147865,0.000848189090924795
342.85714285714283,0.0003074121081892067
343.859649122807,3.488084321332897e-05
344.86215538847114,3.287322992036086e-05
345.8646616541353,0.000301406048808588
346.8671679197995,0.0008382347866927113
347.8696741854636,0.001638872397313619
348.8721804511278,0.0026966268060075404
349.874686716792,0.004002656844953857
350.8771929824561,0.005546046151471194
351.8796992481203,0.007313894411687943
352.88220551378447,0.00929142518693201
353.8847117794486,0.011462109421582845
354.8872180451128,0.013807803600051079
355.8897243107769,0.016308901398111014
356.8922305764411,0.0189444975610207
357.89473684210526,0.021692562638662184
358.8972431077694,0.024530127117191717
359.89974937343356,0.02743347340815041
360.90225563909775,0.03037833409030215
361.90476190476187,0.033340094747214416
362.90726817042605,0.036293999705172456
363.90977443609023,0.03921535895178287
364.91228070175436,0.04207975450575337
365.91478696741854,0.044863244512917407
366.91729323308266,0.047542563362582696
367.91979949874684,0.05009531615154689
368.922305764411,0.052500165870362436
369.92481203007515,0.05473701174726888
370.9273182957393,0.0567871572591189
371.9298245614035,0.058633466404986595
372.93233082706763,0.06026050693625788
373.9348370927318,0.061654679346025136
374.937343358396,0.06280433053963376
375.9398496240601,0.063699851236277
376.9423558897243,0.0643337562875114
377.9448621553885,0.06470074724135765
378.9473684210526,0.06479775662904899
379.9498746867168,0.06462397360425884
380.9523809523809,0.06418085072050424
381.9548872180451,0.0634720917900768
382.95739348370927,0.0625036209259811
383.9598997493734,0.061283533025641865
384.9624060150376,0.05982202611025767
385.96491228070175,0.058131316085338815
386.9674185463659,0.05622553463489784
387.96992481203006,0.05412061110273511
388.97243107769424,0.05183413934811012
389.97493734335836,0.04938523068867221
390.97744360902254,0.04679435415982055
391.97994987468667,0.04408316542567352
392.98245614035085,0.041274325771681386
393.98496240601503,0.03839131269182361
394.98746867167915,0.035458223653583136
395.98997493734333,0.03249957468091263
396.9924812030075,0.029540095438727102
397.99498746867164,0.026604522531693146
398.9974937343358,0.023717392745010706
400.0,0.02090283795537428
